url,id,date,executionTime,globalScore,serverScore,designScore,passes,fails,skips,carbonf,transferSize,pageid,id,url,totalReports,firstAuditDate,lastAuditDate
https://www.uoc.edu,1,2020-07-24T10:55:29.504Z,6202,18,11,25,{lazyloading},"{usescompression,carbonfootprint,useshttp2,greenserver,webpimages,noconsolelogs,fontsubsetting}",{},4.66176,1631883,1,1,https://www.uoc.edu,1,2020-07-24T10:55:35.791Z,2020-07-24T10:55:29.504Z
http://smallick.tk,21,2020-07-28T13:45:35.301Z,1344,75,50,100,"{carbonfootprint,useshttp2,noconsolelogs}","{usescompression,greenserver}","{webpimages,fontsubsetting,lazyloading}",0.00628,1998,16,16,http://smallick.tk,2,2020-07-28T13:45:19.318Z,2020-07-28T13:45:35.301Z
https://audits.digital,4,2020-07-24T16:54:44.222Z,2383,100,100,100,"{usescompression,carbonfootprint,useshttp2,greenserver,webpimages,noconsolelogs}",{},"{fontsubsetting,lazyloading}",0.12603,86417,3,3,https://audits.digital,1,2020-07-24T16:54:46.656Z,2020-07-24T16:54:44.222Z
https://www.indiehackers.com,5,2020-07-24T16:55:51.568Z,5363,47,93,0,"{usescompression,carbonfootprint,useshttp2,greenserver}","{webpimages,noconsolelogs,fontsubsetting,lazyloading}",{},2.33166,1568601,4,4,https://www.indiehackers.com,1,2020-07-24T16:55:56.967Z,2020-07-24T16:55:51.568Z
https://sucuri.net,6,2020-07-24T19:28:45.399Z,6983,44,62,25,"{useshttp2,greenserver,fontsubsetting}","{usescompression,carbonfootprint,webpimages,noconsolelogs,lazyloading}",{},4.31527,2266480,5,5,https://sucuri.net,1,2020-07-24T19:28:52.469Z,2020-07-24T19:28:45.399Z
https://google.com,7,2020-07-24T22:34:23.726Z,3594,62,73,50,"{usescompression,carbonfootprint,greenserver,noconsolelogs,fontsubsetting}","{useshttp2,webpimages,lazyloading}",{},0.97908,668855,6,6,https://google.com,1,2020-07-24T22:34:27.370Z,2020-07-24T22:34:23.726Z
https://phot-awe.com,8,2020-07-24T22:46:54.378Z,5963,31,36,25,"{useshttp2,lazyloading}","{usescompression,carbonfootprint,greenserver,webpimages,noconsolelogs,fontsubsetting}",{},4.6211,1673571,7,7,https://phot-awe.com,1,2020-07-24T22:47:00.392Z,2020-07-24T22:46:54.378Z
https://visire.fi,10,2020-07-25T12:17:10.259Z,4619,48,96,0,"{usescompression,carbonfootprint,useshttp2,greenserver}","{webpimages,noconsolelogs,fontsubsetting,lazyloading}",{},1.72148,1180418,8,8,https://visire.fi,2,2020-07-25T12:16:05.092Z,2020-07-25T12:17:10.259Z
https://visire.fi,9,2020-07-25T12:15:59.553Z,5492,48,96,0,"{usescompression,carbonfootprint,useshttp2,greenserver}","{webpimages,noconsolelogs,fontsubsetting,lazyloading}",{},1.7215,1180425,8,8,https://visire.fi,2,2020-07-25T12:16:05.092Z,2020-07-25T12:17:10.259Z
https://versoly.com/,11,2020-07-25T12:31:43.298Z,5463,43,60,25,"{usescompression,useshttp2,lazyloading}","{carbonfootprint,greenserver,webpimages,noconsolelogs,fontsubsetting}",{},5.31477,1829372,9,9,https://versoly.com/,1,2020-07-25T12:31:48.811Z,2020-07-25T12:31:43.298Z
https://www.coursehero.com/,12,2020-07-26T23:32:20.457Z,4571,87,74,100,"{carbonfootprint,useshttp2,greenserver,noconsolelogs,fontsubsetting}",{usescompression},"{webpimages,lazyloading}",0.87397,554300,10,10,https://www.coursehero.com/,1,2020-07-26T23:32:25.081Z,2020-07-26T23:32:20.457Z
https://avenga.com,13,2020-07-27T08:21:35.133Z,5681,41,31,50,"{useshttp2,noconsolelogs,lazyloading}","{usescompression,carbonfootprint,greenserver,webpimages,fontsubsetting}",{},8.10104,2600532,11,11,https://avenga.com,1,2020-07-27T08:21:40.856Z,2020-07-27T08:21:35.133Z
https://pingr.io,14,2020-07-27T15:05:57.682Z,5937,43,36,50,"{useshttp2,noconsolelogs,lazyloading}","{usescompression,carbonfootprint,greenserver,webpimages,fontsubsetting}",{},4.45902,1572424,12,12,https://pingr.io,1,2020-07-27T15:06:03.681Z,2020-07-27T15:05:57.682Z
https://servofluid.es,15,2020-07-27T21:56:21.355Z,3382,19,4,33,{noconsolelogs},"{usescompression,carbonfootprint,useshttp2,greenserver,webpimages,lazyloading}",{fontsubsetting},10.12684,3253203,13,13,https://servofluid.es,1,2020-07-27T21:56:24.782Z,2020-07-27T21:56:21.355Z
https://repuestos.servofluidit.com/,16,2020-07-27T21:57:53.876Z,2206,38,75,0,"{usescompression,carbonfootprint,greenserver}","{useshttp2,webpimages,noconsolelogs,fontsubsetting}",{lazyloading},0.48832,279237,14,14,https://repuestos.servofluidit.com/,1,2020-07-27T21:57:56.118Z,2020-07-27T21:57:53.876Z
https://www.example.org,18,2020-07-28T11:54:30.828Z,2184,88,75,100,"{usescompression,carbonfootprint,useshttp2,noconsolelogs}",{greenserver},"{webpimages,fontsubsetting,lazyloading}",0.00267,849,2,2,https://www.example.org,5,2020-07-24T12:55:12.252Z,2020-08-17T09:42:44.684Z
https://www.ddgi.cat/web,19,2020-07-28T11:55:47.914Z,4051,4,8,0,{},"{usescompression,carbonfootprint,useshttp2,greenserver,webpimages,noconsolelogs,fontsubsetting,lazyloading}",{},6.36015,2034818,15,15,https://www.ddgi.cat/web,2,2020-07-28T08:00:13.561Z,2020-07-28T11:55:47.914Z
https://www.ddgi.cat/web,17,2020-07-28T08:00:07.951Z,5562,17,8,25,{webpimages},"{usescompression,carbonfootprint,useshttp2,greenserver,noconsolelogs,fontsubsetting,lazyloading}",{},6.05061,1936273,15,15,https://www.ddgi.cat/web,2,2020-07-28T08:00:13.561Z,2020-07-28T11:55:47.914Z
http://smallick.tk,20,2020-07-28T13:45:17.388Z,1886,63,25,100,"{carbonfootprint,noconsolelogs}","{usescompression,useshttp2,greenserver}","{webpimages,fontsubsetting,lazyloading}",0.00628,1998,16,16,http://smallick.tk,2,2020-07-28T13:45:19.318Z,2020-07-28T13:45:35.301Z
https://reddit.com,22,2020-07-28T19:14:31.830Z,19832,38,26,50,"{useshttp2,fontsubsetting,lazyloading}","{usescompression,carbonfootprint,greenserver,webpimages,noconsolelogs}",{},19.77777,6431564,17,17,https://reddit.com,1,2020-07-28T19:14:51.751Z,2020-07-28T19:14:31.830Z
https://solar.lowtechmagazine.com,23,2020-07-28T19:16:41.034Z,2738,87,73,100,"{usescompression,carbonfootprint,useshttp2,noconsolelogs}",{greenserver},"{webpimages,fontsubsetting,lazyloading}",1.2213,388811,18,18,https://solar.lowtechmagazine.com,1,2020-07-28T19:16:43.818Z,2020-07-28T19:16:41.034Z
https://www.lowtechmagazine.com,24,2020-07-28T19:17:52.863Z,9965,32,64,0,"{carbonfootprint,useshttp2,greenserver}","{usescompression,webpimages,noconsolelogs,fontsubsetting,lazyloading}",{},3.57068,2428330,19,19,https://www.lowtechmagazine.com,1,2020-07-28T19:18:02.888Z,2020-07-28T19:17:52.863Z
https://sunspec.org,25,2020-07-29T05:19:40.115Z,5805,48,71,25,"{carbonfootprint,useshttp2,greenserver,lazyloading}","{usescompression,webpimages,noconsolelogs,fontsubsetting}",{},1.66225,1139017,20,20,https://sunspec.org,1,2020-07-29T05:19:45.984Z,2020-07-29T05:19:40.115Z
https://spbcnc.ru,26,2020-07-29T07:06:04.814Z,7710,2,4,0,{},"{usescompression,carbonfootprint,useshttp2,greenserver,webpimages,noconsolelogs,fontsubsetting,lazyloading}",{},10.13957,3262695,21,21,https://spbcnc.ru,1,2020-07-29T07:06:12.568Z,2020-07-29T07:06:04.814Z
https://hm.com,27,2020-07-29T08:30:33.743Z,1990,23,46,0,"{carbonfootprint,useshttp2}","{usescompression,greenserver,noconsolelogs,fontsubsetting}","{webpimages,lazyloading}",1.59093,506489,22,22,https://hm.com,1,2020-07-29T08:30:35.788Z,2020-07-29T08:30:33.743Z
https://www.tresorit.com,28,2020-07-29T09:27:09.621Z,9957,34,42,25,"{carbonfootprint,useshttp2,lazyloading}","{usescompression,greenserver,webpimages,noconsolelogs,fontsubsetting}",{},2.61326,874755,23,23,https://www.tresorit.com,1,2020-07-29T09:27:19.616Z,2020-07-29T09:27:09.621Z
https://www.cubbit.io,29,2020-07-29T09:28:16.613Z,6030,58,66,50,"{carbonfootprint,useshttp2,greenserver,webpimages,lazyloading}","{usescompression,noconsolelogs,fontsubsetting}",{},2.9147,1997821,24,24,https://www.cubbit.io,1,2020-07-29T09:28:22.679Z,2020-07-29T09:28:16.613Z
https://www.amazon.com,30,2020-07-29T14:18:32.852Z,7213,27,28,25,"{useshttp2,lazyloading}","{usescompression,carbonfootprint,greenserver,webpimages,noconsolelogs,fontsubsetting}",{},13.3122,4237021,25,25,https://www.amazon.com,1,2020-07-29T14:18:40.132Z,2020-07-29T14:18:32.852Z
http://www.destandaard.be,31,2020-07-29T16:33:52.566Z,13322,30,34,25,"{useshttp2,lazyloading}","{usescompression,carbonfootprint,greenserver,webpimages,noconsolelogs,fontsubsetting}",{},5.4275,3319038,26,26,http://www.destandaard.be,1,2020-07-29T16:34:05.962Z,2020-07-29T16:33:52.566Z
https://www.nos.nl,32,2020-07-29T21:21:04.756Z,7601,15,29,0,{useshttp2},"{usescompression,carbonfootprint,greenserver,webpimages,noconsolelogs,fontsubsetting,lazyloading}",{},9.64813,3258257,27,27,https://www.nos.nl,1,2020-07-29T21:21:12.403Z,2020-07-29T21:21:04.756Z
https://www.tweakers.net,33,2020-07-29T21:22:25.611Z,3150,54,75,33,"{carbonfootprint,useshttp2,greenserver,noconsolelogs}","{usescompression,webpimages,fontsubsetting}",{lazyloading},0.5784,267983,28,28,https://www.tweakers.net,1,2020-07-29T21:22:28.800Z,2020-07-29T21:22:25.611Z
https://angeliqueboudeau.org,35,2020-08-06T08:46:05.084Z,3684,44,63,25,"{usescompression,carbonfootprint,useshttp2,fontsubsetting}","{greenserver,webpimages,noconsolelogs,lazyloading}",{},3.99509,1344845,29,29,https://angeliqueboudeau.org,1,2020-08-06T08:46:08.827Z,2020-08-06T08:46:05.084Z
https://www.reddit.com,36,2020-08-06T12:15:04.869Z,22022,38,26,50,"{useshttp2,fontsubsetting,lazyloading}","{usescompression,carbonfootprint,greenserver,webpimages,noconsolelogs}",{},18.72348,6321210,30,30,https://www.reddit.com,1,2020-08-06T12:15:26.979Z,2020-08-06T12:15:04.869Z
https://www.google.com,37,2020-08-06T12:18:50.186Z,2126,71,74,67,"{usescompression,carbonfootprint,greenserver,noconsolelogs,fontsubsetting}","{useshttp2,webpimages}",{lazyloading},0.73245,502242,31,31,https://www.google.com,1,2020-08-06T12:18:52.368Z,2020-08-06T12:18:50.186Z
https://www.molotov.tv/,38,2020-08-06T21:16:12.702Z,8271,26,27,25,"{useshttp2,lazyloading}","{usescompression,carbonfootprint,greenserver,webpimages,noconsolelogs,fontsubsetting}",{},15.90853,5273887,32,32,https://www.molotov.tv/,1,2020-08-06T21:16:21.045Z,2020-08-06T21:16:12.702Z
https://www.twitter.com,39,2020-08-07T02:07:16.898Z,2903,84,67,100,"{usescompression,carbonfootprint,useshttp2,noconsolelogs}",{greenserver},"{webpimages,fontsubsetting,lazyloading}",2.55877,824710,33,33,https://www.twitter.com,1,2020-08-07T02:07:19.865Z,2020-08-07T02:07:16.898Z
https://www.example.org,34,2020-08-02T08:13:06.865Z,2251,88,75,100,"{usescompression,carbonfootprint,useshttp2,noconsolelogs}",{greenserver},"{webpimages,fontsubsetting,lazyloading}",0.00267,851,2,2,https://www.example.org,5,2020-07-24T12:55:12.252Z,2020-08-17T09:42:44.684Z
https://www.tesla.com,42,2020-08-07T07:11:02.292Z,2352,25,50,0,"{carbonfootprint,useshttp2}","{usescompression,greenserver,noconsolelogs}","{webpimages,fontsubsetting,lazyloading}",0.0034,1081,34,34,https://www.tesla.com,3,2020-08-07T07:02:41.580Z,2020-08-07T07:11:02.292Z
https://www.tesla.com,41,2020-08-07T07:04:15.469Z,1265,25,50,0,"{carbonfootprint,useshttp2}","{usescompression,greenserver,noconsolelogs}","{webpimages,fontsubsetting,lazyloading}",0.00141,450,34,34,https://www.tesla.com,3,2020-08-07T07:02:41.580Z,2020-08-07T07:11:02.292Z
https://www.tesla.com,40,2020-08-07T07:02:39.712Z,1824,25,50,0,"{carbonfootprint,useshttp2}","{usescompression,greenserver,noconsolelogs}","{webpimages,fontsubsetting,lazyloading}",0.0034,1081,34,34,https://www.tesla.com,3,2020-08-07T07:02:41.580Z,2020-08-07T07:11:02.292Z
https://www.KissKissBankBank.com,43,2020-08-07T12:22:55.752Z,8749,25,25,25,"{greenserver,lazyloading}","{usescompression,carbonfootprint,useshttp2,webpimages,noconsolelogs,fontsubsetting}",{},51.39488,16438918,35,35,https://www.KissKissBankBank.com,1,2020-08-07T12:23:04.566Z,2020-08-07T12:22:55.752Z
https://thevfdcollective.com,44,2020-08-07T14:51:14.101Z,5027,29,32,25,"{useshttp2,webpimages}","{usescompression,carbonfootprint,greenserver,noconsolelogs,fontsubsetting,lazyloading}",{},7.00915,2273815,36,36,https://thevfdcollective.com,1,2020-08-07T14:51:19.188Z,2020-08-07T14:51:14.101Z
https://afd.de,45,2020-08-07T14:52:36.973Z,8148,14,27,0,{useshttp2},"{usescompression,carbonfootprint,greenserver,webpimages,noconsolelogs,fontsubsetting,lazyloading}",{},14.76595,4701649,37,37,https://afd.de,1,2020-08-07T14:52:45.185Z,2020-08-07T14:52:36.973Z
https://cpumuseum.jimdo.com,46,2020-08-07T14:53:06.663Z,4189,32,39,25,"{carbonfootprint,greenserver,noconsolelogs}","{usescompression,useshttp2,webpimages,fontsubsetting,lazyloading}",{},3.52004,1256259,38,38,https://cpumuseum.jimdo.com,1,2020-08-07T14:53:10.888Z,2020-08-07T14:53:06.663Z
https://www.example.org,3,2020-07-24T12:56:59.161Z,1655,88,75,100,"{usescompression,carbonfootprint,useshttp2,noconsolelogs}",{greenserver},"{webpimages,fontsubsetting,lazyloading}",0.00267,851,2,2,https://www.example.org,5,2020-07-24T12:55:12.252Z,2020-08-17T09:42:44.684Z
https://www.example.org,2,2020-07-24T12:55:09.959Z,2249,88,75,100,"{usescompression,carbonfootprint,useshttp2,noconsolelogs}",{greenserver},"{webpimages,fontsubsetting,lazyloading}",0.00267,850,2,2,https://www.example.org,5,2020-07-24T12:55:12.252Z,2020-08-17T09:42:44.684Z
https://www.youtube.com,47,2020-08-07T22:52:01.970Z,8354,52,29,75,"{greenserver,webpimages,fontsubsetting,lazyloading}","{usescompression,carbonfootprint,useshttp2,noconsolelogs}",{},9.85509,6756742,39,39,https://www.youtube.com,1,2020-08-07T22:52:10.391Z,2020-08-07T22:52:01.970Z
https://www.reddit.com/,48,2020-08-08T14:07:54.777Z,20427,39,27,50,"{useshttp2,fontsubsetting,lazyloading}","{usescompression,carbonfootprint,greenserver,webpimages,noconsolelogs}",{},15.02166,5113317,40,40,https://www.reddit.com/,1,2020-08-08T14:08:15.346Z,2020-08-08T14:07:54.777Z
https://wikipedia.org,49,2020-08-08T15:23:03.619Z,2298,50,50,50,"{carbonfootprint,useshttp2,noconsolelogs}","{usescompression,greenserver,webpimages}","{fontsubsetting,lazyloading}",0.20008,63464,41,41,https://wikipedia.org,1,2020-08-08T15:23:05.965Z,2020-08-08T15:23:03.619Z
https://youtube.com,50,2020-08-08T15:23:47.992Z,7959,40,29,50,"{greenserver,fontsubsetting,lazyloading}","{usescompression,carbonfootprint,useshttp2,webpimages,noconsolelogs}",{},9.88611,6778009,42,42,https://youtube.com,1,2020-08-08T15:23:55.992Z,2020-08-08T15:23:47.992Z
https://Google.com,51,2020-08-10T06:23:17.651Z,3277,62,73,50,"{usescompression,carbonfootprint,greenserver,noconsolelogs,fontsubsetting}","{useshttp2,webpimages,lazyloading}",{},1.03621,710530,43,43,https://Google.com,1,2020-08-10T06:23:20.984Z,2020-08-10T06:23:17.651Z
https://ravelry.com,52,2020-08-10T06:24:24.942Z,3732,19,37,0,{useshttp2},"{usescompression,carbonfootprint,greenserver,webpimages,noconsolelogs,fontsubsetting,lazyloading}",{},4.16744,1335924,44,44,https://ravelry.com,1,2020-08-10T06:24:28.706Z,2020-08-10T06:24:24.942Z
https://blizzard.com,53,2020-08-14T01:28:42.688Z,6737,30,34,25,"{useshttp2,noconsolelogs}","{usescompression,carbonfootprint,webpimages,fontsubsetting,lazyloading}",{greenserver},23.91479,7699549,45,45,https://blizzard.com,1,2020-08-14T01:28:49.483Z,2020-08-14T01:28:42.688Z
https://www.example.org,54,2020-08-17T09:42:44.684Z,2162,88,75,100,"{usescompression,carbonfootprint,useshttp2,noconsolelogs}",{greenserver},"{webpimages,fontsubsetting,lazyloading}",0.00267,851,2,2,https://www.example.org,5,2020-07-24T12:55:12.252Z,2020-08-17T09:42:44.684Z
